id,title
tt1630029,Avatar: The Way of Water
tt9764362,The Menu
tt10640346,Babylon
tt14826022,You People
tt15679400,Knock at the Cabin
tt6710474,Everything Everywhere All at Once
tt11687104,"Alice, Darling"
tt19623240,Winnie the Pooh: Blood and Honey
tt2353868,True Spirit
tt5884796,Plane
tt9686790,Shotgun Wedding
tt12823454,Your Place or Mine
tt13051810,Viking Wolf
tt13280054,Blood
tt15789492,Infiesto
tt21307994,Skinamarink
tt1915581,Magic Mke
tt21448540,Baby Ruby
tt8041270,Jurassic World:Dominion
tt1655389,Blonde